<?xml version='1.0' encoding='utf-8'?>
<!DOCTYPE hibernate-configuration PUBLIC
	"-//Hibernate/Hibernate Configuration DTD 3.0//EN"
	"http://www.hibernate.org/dtd/hibernate-configuration-3.0.dtd">

<hibernate-configuration>
    
    <session-factory>

        <!-- Database configuration properties  -->        
        <property name="connection.driver_class">com.mysql.jdbc.jdbc2.optional.MysqlDataSource</property>
        <property name="connection.url">jdbc:mysql://localhost:3306/people</property>
        <property name="connection.username">root</property>
        <property name="connection.password">password</property>
        <property name="connection.pool_size">1</property>
        <property name="dialect">org.hibernate.dialect.MySQL5Dialect</property>

        <property name="show_sql">true</property>
        <property name="hbm2ddl.auto">create</property>

        <!-- Enable Hibernate's automatic session context management -->
        <property name="current_session_context_class">thread</property>
        
        <!-- Mapping files  -->
        <!-- <mapping resource="com/hibernateclass/simpleab/model/Person.hbm.xml"/> -->
        <!-- <mapping resource="com/hibernateclass/simpleab/model/Address.hbm.xml"/> -->
		<mapping class="com.hibernateclass.simpleab.model.Person"/>
		<mapping class="com.hibernateclass.simpleab.model.Address"/>
    </session-factory>
    
</hibernate-configuration>


